{
    "billing_stats": {
        "total_patients": 55500,
        "avg": 25539.32,
        "min": -2008.4921398591305,
        "max": 52764.276736469175,
        "median": 25534.662540522557
    },
    "age_distribution": {
        "labels": [
            "0-18",
            "19-35",
            "36-50",
            "51-65",
            "65+"
        ],
        "values": [
            888,
            13644,
            12301,
            12417,
            16250
        ]
    },
    "top_diseases": {
        "labels": [
            "Arthritis",
            "Diabetes",
            "Hypertension",
            "Obesity",
            "Cancer",
            "Asthma"
        ],
        "counts": [
            9308,
            9304,
            9245,
            9231,
            9227,
            9185
        ],
        "avg_billing": [
            25497.33,
            25638.41,
            25497.1,
            25805.97,
            25161.79,
            25635.25
        ]
    },
    "admission_stats": {
        "labels": [
            "Tự nguyện",
            "Cấp cứu",
            "Khẩn cấp"
        ],
        "counts": [
            18655,
            18269,
            18576
        ],
        "percentages": [
            33.6,
            32.9,
            33.5
        ]
    },
    "_metadata": {
        "engine": "Apache Spark 3.5 (Distributed Cluster)",
        "workers": 2,
        "mode": "cluster"
    }
}