{
    "total_patients": 55500,
    "avg": 25539.32,
    "min": -2008.4921398591305,
    "max": 52764.276736469175,
    "median": 25534.662540522557
}