{
    "billing_stats": {
        "total_patients": 55500,
        "avg": 25539.316097211795,
        "min": -2008.4921398591305,
        "max": 52764.276736469175,
        "median": 25538.069375965664
    },
    "age_distribution": {
        "labels": [
            "0-18",
            "19-35",
            "36-50",
            "51-65",
            "65+"
        ],
        "values": [
            888,
            13644,
            12301,
            12417,
            16250
        ]
    },
    "top_diseases": {
        "labels": [
            "Arthritis",
            "Diabetes",
            "Hypertension",
            "Obesity",
            "Cancer",
            "Asthma"
        ],
        "counts": [
            9308,
            9304,
            9245,
            9231,
            9227,
            9185
        ],
        "avg_billing": [
            25497.327055738206,
            25638.405577382237,
            25497.095760789023,
            25805.971259050853,
            25161.79270705975,
            25635.249358698515
        ]
    },
    "admission_stats": {
        "labels": [
            "Elective",
            "Urgent",
            "Emergency"
        ],
        "counts": [
            18655,
            18576,
            18269
        ],
        "percentages": [
            33.6,
            33.5,
            32.9
        ]
    }
}