{
    "total_patients": 55500,
    "avg": 25539.316097211795,
    "min": -2008.4921398591305,
    "max": 52764.276736469175,
    "median": 25538.069375965664
}