{
    "labels": [
        "Arthritis",
        "Diabetes",
        "Hypertension",
        "Obesity",
        "Cancer",
        "Asthma"
    ],
    "counts": [
        9308,
        9304,
        9245,
        9231,
        9227,
        9185
    ],
    "avg_billing": [
        25497.327055738206,
        25638.405577382237,
        25497.095760789023,
        25805.971259050853,
        25161.79270705975,
        25635.249358698515
    ]
}